<?xml version="1.0" encoding="UTF-8"?>
<export version="E">
  <design>
    <source>/home/concretedog/Documents/rp2040_game_con/rp2040_game_con/rp2040_game_con.kicad_sch</source>
    <date>Mon 26 Feb 2024 14:55:54 GMT</date>
    <tool>Eeschema 7.0.10</tool>
    <sheet number="1" name="/" tstamps="/">
      <title_block>
        <title/>
        <company/>
        <rev/>
        <date/>
        <source>rp2040_game_con.kicad_sch</source>
        <comment number="1" value=""/>
        <comment number="2" value=""/>
        <comment number="3" value=""/>
        <comment number="4" value=""/>
        <comment number="5" value=""/>
        <comment number="6" value=""/>
        <comment number="7" value=""/>
        <comment number="8" value=""/>
        <comment number="9" value=""/>
      </title_block>
    </sheet>
    <sheet number="2" name="/button/" tstamps="/d585a16f-e223-498a-be8e-0b8582596794/">
      <title_block>
        <title/>
        <company/>
        <rev/>
        <date/>
        <source>con_button.kicad_sch</source>
        <comment number="1" value=""/>
        <comment number="2" value=""/>
        <comment number="3" value=""/>
        <comment number="4" value=""/>
        <comment number="5" value=""/>
        <comment number="6" value=""/>
        <comment number="7" value=""/>
        <comment number="8" value=""/>
        <comment number="9" value=""/>
      </title_block>
    </sheet>
    <sheet number="3" name="/button1/" tstamps="/157e1655-bb06-4878-92dd-95862492ab2e/">
      <title_block>
        <title/>
        <company/>
        <rev/>
        <date/>
        <source>con_button1.kicad_sch</source>
        <comment number="1" value=""/>
        <comment number="2" value=""/>
        <comment number="3" value=""/>
        <comment number="4" value=""/>
        <comment number="5" value=""/>
        <comment number="6" value=""/>
        <comment number="7" value=""/>
        <comment number="8" value=""/>
        <comment number="9" value=""/>
      </title_block>
    </sheet>
    <sheet number="4" name="/button2/" tstamps="/53580d96-3e47-4a41-b763-c578e621d155/">
      <title_block>
        <title/>
        <company/>
        <rev/>
        <date/>
        <source>con_button2.kicad_sch</source>
        <comment number="1" value=""/>
        <comment number="2" value=""/>
        <comment number="3" value=""/>
        <comment number="4" value=""/>
        <comment number="5" value=""/>
        <comment number="6" value=""/>
        <comment number="7" value=""/>
        <comment number="8" value=""/>
        <comment number="9" value=""/>
      </title_block>
    </sheet>
    <sheet number="5" name="/button3/" tstamps="/eeceb4ac-e2eb-40f3-a9bb-b7462edfac46/">
      <title_block>
        <title/>
        <company/>
        <rev/>
        <date/>
        <source>con_button3.kicad_sch</source>
        <comment number="1" value=""/>
        <comment number="2" value=""/>
        <comment number="3" value=""/>
        <comment number="4" value=""/>
        <comment number="5" value=""/>
        <comment number="6" value=""/>
        <comment number="7" value=""/>
        <comment number="8" value=""/>
        <comment number="9" value=""/>
      </title_block>
    </sheet>
    <sheet number="6" name="/button4/" tstamps="/596de86c-4974-4e36-9ed7-2021e2c543ce/">
      <title_block>
        <title/>
        <company/>
        <rev/>
        <date/>
        <source>con_button4.kicad_sch</source>
        <comment number="1" value=""/>
        <comment number="2" value=""/>
        <comment number="3" value=""/>
        <comment number="4" value=""/>
        <comment number="5" value=""/>
        <comment number="6" value=""/>
        <comment number="7" value=""/>
        <comment number="8" value=""/>
        <comment number="9" value=""/>
      </title_block>
    </sheet>
    <sheet number="7" name="/button5/" tstamps="/1854f721-5f49-419e-bf8e-4feb378bf070/">
      <title_block>
        <title/>
        <company/>
        <rev/>
        <date/>
        <source>con_button5.kicad_sch</source>
        <comment number="1" value=""/>
        <comment number="2" value=""/>
        <comment number="3" value=""/>
        <comment number="4" value=""/>
        <comment number="5" value=""/>
        <comment number="6" value=""/>
        <comment number="7" value=""/>
        <comment number="8" value=""/>
        <comment number="9" value=""/>
      </title_block>
    </sheet>
  </design>
  <components>
    <comp ref="C1">
      <value>10uF</value>
      <footprint>Capacitor_SMD:C_1206_3216Metric</footprint>
      <fields>
        <field name="LCSC">C13585</field>
      </fields>
      <libsource lib="Device" part="C" description="Unpolarized capacitor"/>
      <property name="LCSC" value="C13585"/>
      <property name="Sheetname" value=""/>
      <property name="Sheetfile" value="rp2040_game_con.kicad_sch"/>
      <property name="ki_description" value="Unpolarized capacitor"/>
      <property name="ki_keywords" value="cap capacitor"/>
      <sheetpath names="/" tstamps="/"/>
      <tstamps>d21fa94e-0b6c-49fd-b2f2-31266418e485</tstamps>
    </comp>
    <comp ref="C2">
      <value>100nf</value>
      <footprint>Capacitor_SMD:C_0402_1005Metric</footprint>
      <fields>
        <field name="LCSC">C1525</field>
      </fields>
      <libsource lib="Device" part="C" description="Unpolarized capacitor"/>
      <property name="LCSC" value="C1525"/>
      <property name="Sheetname" value=""/>
      <property name="Sheetfile" value="rp2040_game_con.kicad_sch"/>
      <property name="ki_description" value="Unpolarized capacitor"/>
      <property name="ki_keywords" value="cap capacitor"/>
      <sheetpath names="/" tstamps="/"/>
      <tstamps>385ade3f-7fe4-497b-b7ba-bc312311a6ab</tstamps>
    </comp>
    <comp ref="C3">
      <value>10uF</value>
      <footprint>Capacitor_SMD:C_1206_3216Metric</footprint>
      <fields>
        <field name="LCSC">C13585</field>
      </fields>
      <libsource lib="Device" part="C" description="Unpolarized capacitor"/>
      <property name="LCSC" value="C13585"/>
      <property name="Sheetname" value=""/>
      <property name="Sheetfile" value="rp2040_game_con.kicad_sch"/>
      <property name="ki_description" value="Unpolarized capacitor"/>
      <property name="ki_keywords" value="cap capacitor"/>
      <sheetpath names="/" tstamps="/"/>
      <tstamps>7e9aa510-c1c0-4251-9e48-e0a9b736633a</tstamps>
    </comp>
    <comp ref="C4">
      <value>12pF</value>
      <footprint>Capacitor_SMD:C_0402_1005Metric</footprint>
      <fields>
        <field name="LCSC">C1547</field>
      </fields>
      <libsource lib="Device" part="C" description="Unpolarized capacitor"/>
      <property name="LCSC" value="C1547"/>
      <property name="Sheetname" value=""/>
      <property name="Sheetfile" value="rp2040_game_con.kicad_sch"/>
      <property name="ki_description" value="Unpolarized capacitor"/>
      <property name="ki_keywords" value="cap capacitor"/>
      <sheetpath names="/" tstamps="/"/>
      <tstamps>c7f2f4e2-6250-4f8f-818b-0715b521efa4</tstamps>
    </comp>
    <comp ref="C5">
      <value>12pF</value>
      <footprint>Capacitor_SMD:C_0402_1005Metric</footprint>
      <fields>
        <field name="LCSC">C1547</field>
      </fields>
      <libsource lib="Device" part="C" description="Unpolarized capacitor"/>
      <property name="LCSC" value="C1547"/>
      <property name="Sheetname" value=""/>
      <property name="Sheetfile" value="rp2040_game_con.kicad_sch"/>
      <property name="ki_description" value="Unpolarized capacitor"/>
      <property name="ki_keywords" value="cap capacitor"/>
      <sheetpath names="/" tstamps="/"/>
      <tstamps>9dd43b09-ff33-4fdd-bc7a-25756c622254</tstamps>
    </comp>
    <comp ref="C6">
      <value>100nF</value>
      <footprint>Capacitor_SMD:C_0402_1005Metric</footprint>
      <fields>
        <field name="LCSC">C1525</field>
      </fields>
      <libsource lib="Device" part="C" description="Unpolarized capacitor"/>
      <property name="LCSC" value="C1525"/>
      <property name="Sheetname" value=""/>
      <property name="Sheetfile" value="rp2040_game_con.kicad_sch"/>
      <property name="ki_description" value="Unpolarized capacitor"/>
      <property name="ki_keywords" value="cap capacitor"/>
      <sheetpath names="/" tstamps="/"/>
      <tstamps>b36c4309-10ad-4128-8a88-7358fa2dc1d1</tstamps>
    </comp>
    <comp ref="C7">
      <value>1uF</value>
      <footprint>Capacitor_SMD:C_0402_1005Metric</footprint>
      <fields>
        <field name="LCSC">C52923</field>
      </fields>
      <libsource lib="Device" part="C" description="Unpolarized capacitor"/>
      <property name="LCSC" value="C52923"/>
      <property name="Sheetname" value=""/>
      <property name="Sheetfile" value="rp2040_game_con.kicad_sch"/>
      <property name="ki_description" value="Unpolarized capacitor"/>
      <property name="ki_keywords" value="cap capacitor"/>
      <sheetpath names="/" tstamps="/"/>
      <tstamps>bfbf7284-6ab4-471c-b2aa-d853b83edfbe</tstamps>
    </comp>
    <comp ref="C8">
      <value>100nF</value>
      <footprint>Capacitor_SMD:C_0402_1005Metric</footprint>
      <fields>
        <field name="LCSC">C1525</field>
      </fields>
      <libsource lib="Device" part="C" description="Unpolarized capacitor"/>
      <property name="LCSC" value="C1525"/>
      <property name="Sheetname" value=""/>
      <property name="Sheetfile" value="rp2040_game_con.kicad_sch"/>
      <property name="ki_description" value="Unpolarized capacitor"/>
      <property name="ki_keywords" value="cap capacitor"/>
      <sheetpath names="/" tstamps="/"/>
      <tstamps>73d0ef56-2044-42d3-843d-c9b226563e0a</tstamps>
    </comp>
    <comp ref="C9">
      <value>1uF</value>
      <footprint>Capacitor_SMD:C_0402_1005Metric</footprint>
      <fields>
        <field name="LCSC">C52923</field>
      </fields>
      <libsource lib="Device" part="C" description="Unpolarized capacitor"/>
      <property name="LCSC" value="C52923"/>
      <property name="Sheetname" value=""/>
      <property name="Sheetfile" value="rp2040_game_con.kicad_sch"/>
      <property name="ki_description" value="Unpolarized capacitor"/>
      <property name="ki_keywords" value="cap capacitor"/>
      <sheetpath names="/" tstamps="/"/>
      <tstamps>a2ff048a-8449-466f-98a2-7356f0997c0f</tstamps>
    </comp>
    <comp ref="C10">
      <value>100nF</value>
      <footprint>Capacitor_SMD:C_0402_1005Metric</footprint>
      <fields>
        <field name="LCSC">C1525</field>
      </fields>
      <libsource lib="Device" part="C" description="Unpolarized capacitor"/>
      <property name="LCSC" value="C1525"/>
      <property name="Sheetname" value=""/>
      <property name="Sheetfile" value="rp2040_game_con.kicad_sch"/>
      <property name="ki_description" value="Unpolarized capacitor"/>
      <property name="ki_keywords" value="cap capacitor"/>
      <sheetpath names="/" tstamps="/"/>
      <tstamps>b0285296-e03a-4634-be27-bf0be4058022</tstamps>
    </comp>
    <comp ref="C11">
      <value>100nF</value>
      <footprint>Capacitor_SMD:C_0402_1005Metric</footprint>
      <fields>
        <field name="LCSC">C1525</field>
      </fields>
      <libsource lib="Device" part="C" description="Unpolarized capacitor"/>
      <property name="LCSC" value="C1525"/>
      <property name="Sheetname" value=""/>
      <property name="Sheetfile" value="rp2040_game_con.kicad_sch"/>
      <property name="ki_description" value="Unpolarized capacitor"/>
      <property name="ki_keywords" value="cap capacitor"/>
      <sheetpath names="/" tstamps="/"/>
      <tstamps>f23e241e-5a66-4a93-951a-3ddab027304c</tstamps>
    </comp>
    <comp ref="C12">
      <value>100nF</value>
      <footprint>Capacitor_SMD:C_0402_1005Metric</footprint>
      <fields>
        <field name="LCSC">C1525</field>
      </fields>
      <libsource lib="Device" part="C" description="Unpolarized capacitor"/>
      <property name="LCSC" value="C1525"/>
      <property name="Sheetname" value=""/>
      <property name="Sheetfile" value="rp2040_game_con.kicad_sch"/>
      <property name="ki_description" value="Unpolarized capacitor"/>
      <property name="ki_keywords" value="cap capacitor"/>
      <sheetpath names="/" tstamps="/"/>
      <tstamps>051c0506-9763-4d38-917f-2a0652ed0187</tstamps>
    </comp>
    <comp ref="C13">
      <value>100nF</value>
      <footprint>Capacitor_SMD:C_0402_1005Metric</footprint>
      <fields>
        <field name="LCSC">C1525</field>
      </fields>
      <libsource lib="Device" part="C" description="Unpolarized capacitor"/>
      <property name="LCSC" value="C1525"/>
      <property name="Sheetname" value=""/>
      <property name="Sheetfile" value="rp2040_game_con.kicad_sch"/>
      <property name="ki_description" value="Unpolarized capacitor"/>
      <property name="ki_keywords" value="cap capacitor"/>
      <sheetpath names="/" tstamps="/"/>
      <tstamps>14f22a69-ce0c-4a19-84e6-05a887cb373f</tstamps>
    </comp>
    <comp ref="C14">
      <value>100nF</value>
      <footprint>Capacitor_SMD:C_0402_1005Metric</footprint>
      <fields>
        <field name="JLCPCBA Part #">C1525</field>
      </fields>
      <libsource lib="Device" part="C" description="Unpolarized capacitor"/>
      <property name="JLCPCBA Part #" value="C1525"/>
      <property name="Sheetname" value=""/>
      <property name="Sheetfile" value="rp2040_game_con.kicad_sch"/>
      <property name="ki_description" value="Unpolarized capacitor"/>
      <property name="ki_keywords" value="cap capacitor"/>
      <sheetpath names="/" tstamps="/"/>
      <tstamps>678e0178-4f73-45e9-a7b3-616615955e81</tstamps>
    </comp>
    <comp ref="C15">
      <value>100nF</value>
      <footprint>Capacitor_SMD:C_0402_1005Metric</footprint>
      <fields>
        <field name="LCSC">C1525</field>
      </fields>
      <libsource lib="Device" part="C" description="Unpolarized capacitor"/>
      <property name="LCSC" value="C1525"/>
      <property name="Sheetname" value=""/>
      <property name="Sheetfile" value="rp2040_game_con.kicad_sch"/>
      <property name="ki_description" value="Unpolarized capacitor"/>
      <property name="ki_keywords" value="cap capacitor"/>
      <sheetpath names="/" tstamps="/"/>
      <tstamps>41562067-373c-467c-b7ab-c7be656ddcdf</tstamps>
    </comp>
    <comp ref="C16">
      <value>100nF</value>
      <footprint>Capacitor_SMD:C_0402_1005Metric</footprint>
      <fields>
        <field name="LCSC">C1525</field>
      </fields>
      <libsource lib="Device" part="C" description="Unpolarized capacitor"/>
      <property name="LCSC" value="C1525"/>
      <property name="Sheetname" value=""/>
      <property name="Sheetfile" value="rp2040_game_con.kicad_sch"/>
      <property name="ki_description" value="Unpolarized capacitor"/>
      <property name="ki_keywords" value="cap capacitor"/>
      <sheetpath names="/" tstamps="/"/>
      <tstamps>9c0eebe4-0775-4224-aa3a-912325d1ac00</tstamps>
    </comp>
    <comp ref="J1">
      <value>Conn_01x02_Pin</value>
      <footprint>Connector_PinHeader_2.54mm:PinHeader_1x02_P2.54mm_Vertical</footprint>
      <libsource lib="Connector" part="Conn_01x02_Pin" description="Generic connector, single row, 01x02, script generated"/>
      <property name="Sheetname" value=""/>
      <property name="Sheetfile" value="rp2040_game_con.kicad_sch"/>
      <property name="ki_description" value="Generic connector, single row, 01x02, script generated"/>
      <property name="ki_keywords" value="connector"/>
      <sheetpath names="/" tstamps="/"/>
      <tstamps>1100bfe0-cbc8-4d36-8a25-47f13942e664</tstamps>
    </comp>
    <comp ref="J2">
      <value>USB_B_Micro</value>
      <footprint>CDog:MICRO-USB-SMD_C393940</footprint>
      <fields>
        <field name="LCSC">C393940</field>
      </fields>
      <libsource lib="Connector" part="USB_B_Micro" description="USB Micro Type B connector"/>
      <property name="LCSC" value="C393940"/>
      <property name="Sheetname" value=""/>
      <property name="Sheetfile" value="rp2040_game_con.kicad_sch"/>
      <property name="ki_description" value="USB Micro Type B connector"/>
      <property name="ki_keywords" value="connector USB micro"/>
      <sheetpath names="/" tstamps="/"/>
      <tstamps>05c1767f-d263-40c3-863d-a3d971405288</tstamps>
    </comp>
    <comp ref="R1">
      <value>1k</value>
      <footprint>Resistor_SMD:R_0402_1005Metric</footprint>
      <fields>
        <field name="LCSC">C279981</field>
      </fields>
      <libsource lib="Device" part="R" description="Resistor"/>
      <property name="LCSC" value="C279981"/>
      <property name="Sheetname" value=""/>
      <property name="Sheetfile" value="rp2040_game_con.kicad_sch"/>
      <property name="ki_description" value="Resistor"/>
      <property name="ki_keywords" value="R res resistor"/>
      <sheetpath names="/" tstamps="/"/>
      <tstamps>4fc3f27a-57a2-4984-8d11-eb579508a550</tstamps>
    </comp>
    <comp ref="R2">
      <value>27r</value>
      <footprint>Resistor_SMD:R_0402_1005Metric</footprint>
      <fields>
        <field name="LCSC">C2909343</field>
      </fields>
      <libsource lib="Device" part="R" description="Resistor"/>
      <property name="LCSC" value="C2909343"/>
      <property name="Sheetname" value=""/>
      <property name="Sheetfile" value="rp2040_game_con.kicad_sch"/>
      <property name="ki_description" value="Resistor"/>
      <property name="ki_keywords" value="R res resistor"/>
      <sheetpath names="/" tstamps="/"/>
      <tstamps>fb095405-709e-48ee-8b7a-c7564ccea09f</tstamps>
    </comp>
    <comp ref="R3">
      <value>27r</value>
      <footprint>Resistor_SMD:R_0402_1005Metric</footprint>
      <fields>
        <field name="LCSC">C2909343</field>
      </fields>
      <libsource lib="Device" part="R" description="Resistor"/>
      <property name="LCSC" value="C2909343"/>
      <property name="Sheetname" value=""/>
      <property name="Sheetfile" value="rp2040_game_con.kicad_sch"/>
      <property name="ki_description" value="Resistor"/>
      <property name="ki_keywords" value="R res resistor"/>
      <sheetpath names="/" tstamps="/"/>
      <tstamps>078fbac6-06b5-4918-8276-ed38474ebef8</tstamps>
    </comp>
    <comp ref="U1">
      <value>W25Q128JVS</value>
      <footprint>Package_SO:SOIC-8_5.23x5.23mm_P1.27mm</footprint>
      <datasheet>http://www.winbond.com/resource-files/w25q128jv_dtr%20revc%2003272018%20plus.pdf</datasheet>
      <fields>
        <field name="LCSC">C97521</field>
      </fields>
      <libsource lib="Memory_Flash" part="W25Q128JVS" description="128Mb Serial Flash Memory, Standard/Dual/Quad SPI, SOIC-8"/>
      <property name="LCSC" value="C97521"/>
      <property name="Sheetname" value=""/>
      <property name="Sheetfile" value="rp2040_game_con.kicad_sch"/>
      <property name="ki_description" value="128Mb Serial Flash Memory, Standard/Dual/Quad SPI, SOIC-8"/>
      <property name="ki_keywords" value="flash memory SPI QPI DTR"/>
      <sheetpath names="/" tstamps="/"/>
      <tstamps>5695bbd8-05e3-42c4-82a2-afab07785659</tstamps>
    </comp>
    <comp ref="U2">
      <value>NCP1117ST33T3G1</value>
      <footprint>Package_TO_SOT_SMD:SOT-223</footprint>
      <fields>
        <field name="LCSC">C6186</field>
      </fields>
      <libsource lib="CDog_Symbols" part="NCP1117ST33T3G" description=""/>
      <property name="LCSC" value="C6186"/>
      <property name="Sheetname" value=""/>
      <property name="Sheetfile" value="rp2040_game_con.kicad_sch"/>
      <sheetpath names="/" tstamps="/"/>
      <tstamps>78562dd1-0274-4b14-8bae-93b6a767f5ee</tstamps>
    </comp>
    <comp ref="U3">
      <value>RP2040</value>
      <footprint>Package_DFN_QFN:QFN-56-1EP_7x7mm_P0.4mm_EP3.2x3.2mm</footprint>
      <datasheet>https://datasheets.raspberrypi.com/rp2040/rp2040-datasheet.pdf</datasheet>
      <fields>
        <field name="LCSC">C2040</field>
      </fields>
      <libsource lib="MCU_RaspberryPi" part="RP2040" description="A microcontroller by Raspberry Pi"/>
      <property name="LCSC" value="C2040"/>
      <property name="Sheetname" value=""/>
      <property name="Sheetfile" value="rp2040_game_con.kicad_sch"/>
      <property name="ki_description" value="A microcontroller by Raspberry Pi"/>
      <property name="ki_keywords" value="RP2040 ARM Cortex-M0+ USB"/>
      <sheetpath names="/" tstamps="/"/>
      <tstamps>26cc961c-4763-4039-83bd-f4dcacb1350b</tstamps>
    </comp>
    <comp ref="Y1">
      <value>XYDBPCNANF-12MHZ</value>
      <footprint>cdog:Xstal_2520_4P_XYDBPCNANF-12MHZ</footprint>
      <fields>
        <field name="LCSC">C521567</field>
      </fields>
      <libsource lib="Device" part="Crystal_GND24" description="Four pin crystal, GND on pins 2 and 4"/>
      <property name="LCSC" value="C521567"/>
      <property name="Sheetname" value=""/>
      <property name="Sheetfile" value="rp2040_game_con.kicad_sch"/>
      <property name="ki_description" value="Four pin crystal, GND on pins 2 and 4"/>
      <property name="ki_keywords" value="quartz ceramic resonator oscillator"/>
      <sheetpath names="/" tstamps="/"/>
      <tstamps>ed90d03d-065b-45f5-a76d-6e4bed57c6a8</tstamps>
    </comp>
    <comp ref="U4">
      <value>~</value>
      <footprint>cdog:Game_Conn_Button_C221902</footprint>
      <fields>
        <field name="LCSC">C221902</field>
      </fields>
      <libsource lib="cdog_symbols" part="Tactile_Button_C2888437" description=""/>
      <property name="LCSC" value="C221902"/>
      <property name="Sheetname" value="button"/>
      <property name="Sheetfile" value="con_button.kicad_sch"/>
      <sheetpath names="/button/" tstamps="/d585a16f-e223-498a-be8e-0b8582596794/"/>
      <tstamps>42a6b0ea-4299-4b36-9c01-d9e225648b64</tstamps>
    </comp>
    <comp ref="U5">
      <value>~</value>
      <footprint>cdog:Game_Conn_Button_C221902</footprint>
      <fields>
        <field name="LCSC">C221902</field>
      </fields>
      <libsource lib="cdog_symbols" part="Tactile_Button_C2888437" description=""/>
      <property name="LCSC" value="C221902"/>
      <property name="Sheetname" value="button1"/>
      <property name="Sheetfile" value="con_button1.kicad_sch"/>
      <sheetpath names="/button1/" tstamps="/157e1655-bb06-4878-92dd-95862492ab2e/"/>
      <tstamps>02a1c075-0202-41c6-af7b-59bdf02bed10</tstamps>
    </comp>
    <comp ref="U6">
      <value>~</value>
      <footprint>cdog:Game_Conn_Button_C221902</footprint>
      <fields>
        <field name="LCSC">C221902</field>
      </fields>
      <libsource lib="cdog_symbols" part="Tactile_Button_C2888437" description=""/>
      <property name="LCSC" value="C221902"/>
      <property name="Sheetname" value="button2"/>
      <property name="Sheetfile" value="con_button2.kicad_sch"/>
      <sheetpath names="/button2/" tstamps="/53580d96-3e47-4a41-b763-c578e621d155/"/>
      <tstamps>e6dd09a0-00e2-457f-b565-42f12e2738a5</tstamps>
    </comp>
    <comp ref="U7">
      <value>~</value>
      <footprint>cdog:Game_Conn_Button_C221902</footprint>
      <fields>
        <field name="LCSC">C221902</field>
      </fields>
      <libsource lib="cdog_symbols" part="Tactile_Button_C2888437" description=""/>
      <property name="LCSC" value="C221902"/>
      <property name="Sheetname" value="button3"/>
      <property name="Sheetfile" value="con_button3.kicad_sch"/>
      <sheetpath names="/button3/" tstamps="/eeceb4ac-e2eb-40f3-a9bb-b7462edfac46/"/>
      <tstamps>35c2ab1d-ab4a-4a56-a311-4f386f6874bc</tstamps>
    </comp>
    <comp ref="U8">
      <value>~</value>
      <footprint>cdog:Game_Conn_Button_C221902</footprint>
      <fields>
        <field name="LCSC">C221902</field>
      </fields>
      <libsource lib="cdog_symbols" part="Tactile_Button_C2888437" description=""/>
      <property name="LCSC" value="C221902"/>
      <property name="Sheetname" value="button4"/>
      <property name="Sheetfile" value="con_button4.kicad_sch"/>
      <sheetpath names="/button4/" tstamps="/596de86c-4974-4e36-9ed7-2021e2c543ce/"/>
      <tstamps>12415c38-5c11-41d2-9962-884d71fd1f1e</tstamps>
    </comp>
    <comp ref="U9">
      <value>~</value>
      <footprint>cdog:Game_Conn_Button_C221902</footprint>
      <fields>
        <field name="LCSC">C221902</field>
      </fields>
      <libsource lib="cdog_symbols" part="Tactile_Button_C2888437" description=""/>
      <property name="LCSC" value="C221902"/>
      <property name="Sheetname" value="button5"/>
      <property name="Sheetfile" value="con_button5.kicad_sch"/>
      <sheetpath names="/button5/" tstamps="/1854f721-5f49-419e-bf8e-4feb378bf070/"/>
      <tstamps>b1ad455d-8fc2-48b9-a769-931d2bad8c9e</tstamps>
    </comp>
  </components>
  <libparts>
    <libpart lib="CDog_Symbols" part="NCP1117ST33T3G">
      <fields>
        <field name="Reference">NCP1117ST33T3G</field>
      </fields>
      <pins>
        <pin num="1" name="ADJ/GND" type="power_in"/>
        <pin num="2" name="output" type="power_out"/>
        <pin num="3" name="input" type="power_in"/>
        <pin num="4" name="tab" type="power_in"/>
      </pins>
    </libpart>
    <libpart lib="Connector" part="Conn_01x02_Pin">
      <description>Generic connector, single row, 01x02, script generated</description>
      <docs>~</docs>
      <footprints>
        <fp>Connector*:*_1x??_*</fp>
      </footprints>
      <fields>
        <field name="Reference">J</field>
        <field name="Value">Conn_01x02_Pin</field>
        <field name="Datasheet">~</field>
      </fields>
      <pins>
        <pin num="1" name="Pin_1" type="passive"/>
        <pin num="2" name="Pin_2" type="passive"/>
      </pins>
    </libpart>
    <libpart lib="Connector" part="USB_B_Micro">
      <description>USB Micro Type B connector</description>
      <docs>~</docs>
      <footprints>
        <fp>USB*</fp>
      </footprints>
      <fields>
        <field name="Reference">J</field>
        <field name="Value">USB_B_Micro</field>
        <field name="Datasheet">~</field>
      </fields>
      <pins>
        <pin num="1" name="VBUS" type="power_out"/>
        <pin num="2" name="D-" type="bidirectional"/>
        <pin num="3" name="D+" type="bidirectional"/>
        <pin num="4" name="ID" type="passive"/>
        <pin num="5" name="GND" type="power_out"/>
        <pin num="6" name="Shield" type="passive"/>
      </pins>
    </libpart>
    <libpart lib="Device" part="C">
      <description>Unpolarized capacitor</description>
      <docs>~</docs>
      <footprints>
        <fp>C_*</fp>
      </footprints>
      <fields>
        <field name="Reference">C</field>
        <field name="Value">C</field>
        <field name="Datasheet">~</field>
      </fields>
      <pins>
        <pin num="1" name="" type="passive"/>
        <pin num="2" name="" type="passive"/>
      </pins>
    </libpart>
    <libpart lib="Device" part="Crystal_GND24">
      <description>Four pin crystal, GND on pins 2 and 4</description>
      <docs>~</docs>
      <footprints>
        <fp>Crystal*</fp>
      </footprints>
      <fields>
        <field name="Reference">Y</field>
        <field name="Value">Crystal_GND24</field>
        <field name="Datasheet">~</field>
      </fields>
      <pins>
        <pin num="1" name="1" type="passive"/>
        <pin num="2" name="2" type="passive"/>
        <pin num="3" name="3" type="passive"/>
        <pin num="4" name="4" type="passive"/>
      </pins>
    </libpart>
    <libpart lib="Device" part="R">
      <description>Resistor</description>
      <docs>~</docs>
      <footprints>
        <fp>R_*</fp>
      </footprints>
      <fields>
        <field name="Reference">R</field>
        <field name="Value">R</field>
        <field name="Datasheet">~</field>
      </fields>
      <pins>
        <pin num="1" name="" type="passive"/>
        <pin num="2" name="" type="passive"/>
      </pins>
    </libpart>
    <libpart lib="MCU_RaspberryPi" part="RP2040">
      <description>A microcontroller by Raspberry Pi</description>
      <docs>https://datasheets.raspberrypi.com/rp2040/rp2040-datasheet.pdf</docs>
      <footprints>
        <fp>QFN*1EP*7x7mm?P0.4mm*</fp>
      </footprints>
      <fields>
        <field name="Reference">U</field>
        <field name="Value">RP2040</field>
        <field name="Footprint">Package_DFN_QFN:QFN-56-1EP_7x7mm_P0.4mm_EP3.2x3.2mm</field>
        <field name="Datasheet">https://datasheets.raspberrypi.com/rp2040/rp2040-datasheet.pdf</field>
      </fields>
      <pins>
        <pin num="1" name="IOVDD" type="power_in"/>
        <pin num="2" name="GPIO0" type="bidirectional"/>
        <pin num="3" name="GPIO1" type="bidirectional"/>
        <pin num="4" name="GPIO2" type="bidirectional"/>
        <pin num="5" name="GPIO3" type="bidirectional"/>
        <pin num="6" name="GPIO4" type="bidirectional"/>
        <pin num="7" name="GPIO5" type="bidirectional"/>
        <pin num="8" name="GPIO6" type="bidirectional"/>
        <pin num="9" name="GPIO7" type="bidirectional"/>
        <pin num="10" name="IOVDD" type="passive"/>
        <pin num="11" name="GPIO8" type="bidirectional"/>
        <pin num="12" name="GPIO9" type="bidirectional"/>
        <pin num="13" name="GPIO10" type="bidirectional"/>
        <pin num="14" name="GPIO11" type="bidirectional"/>
        <pin num="15" name="GPIO12" type="bidirectional"/>
        <pin num="16" name="GPIO13" type="bidirectional"/>
        <pin num="17" name="GPIO14" type="bidirectional"/>
        <pin num="18" name="GPIO15" type="bidirectional"/>
        <pin num="19" name="TESTEN" type="input"/>
        <pin num="20" name="XIN" type="input"/>
        <pin num="21" name="XOUT" type="passive"/>
        <pin num="22" name="IOVDD" type="passive"/>
        <pin num="23" name="DVDD" type="power_in"/>
        <pin num="24" name="SWCLK" type="output"/>
        <pin num="25" name="SWD" type="bidirectional"/>
        <pin num="26" name="RUN" type="input"/>
        <pin num="27" name="GPIO16" type="bidirectional"/>
        <pin num="28" name="GPIO17" type="bidirectional"/>
        <pin num="29" name="GPIO18" type="bidirectional"/>
        <pin num="30" name="GPIO19" type="bidirectional"/>
        <pin num="31" name="GPIO20" type="bidirectional"/>
        <pin num="32" name="GPIO21" type="bidirectional"/>
        <pin num="33" name="IOVDD" type="passive"/>
        <pin num="34" name="GPIO22" type="bidirectional"/>
        <pin num="35" name="GPIO23" type="bidirectional"/>
        <pin num="36" name="GPIO24" type="bidirectional"/>
        <pin num="37" name="GPIO25" type="bidirectional"/>
        <pin num="38" name="GPIO26_ADC0" type="bidirectional"/>
        <pin num="39" name="GPIO27_ADC1" type="bidirectional"/>
        <pin num="40" name="GPIO28_ADC2" type="bidirectional"/>
        <pin num="41" name="GPIO29_ADC3" type="bidirectional"/>
        <pin num="42" name="IOVDD" type="passive"/>
        <pin num="43" name="ADC_AVDD" type="power_in"/>
        <pin num="44" name="VREG_IN" type="power_in"/>
        <pin num="45" name="VREG_VOUT" type="power_out"/>
        <pin num="46" name="USB_DM" type="bidirectional"/>
        <pin num="47" name="USB_DP" type="bidirectional"/>
        <pin num="48" name="USB_VDD" type="power_in"/>
        <pin num="49" name="IOVDD" type="passive"/>
        <pin num="50" name="DVDD" type="passive"/>
        <pin num="51" name="QSPI_SD3" type="bidirectional"/>
        <pin num="52" name="QSPI_SCLK" type="output"/>
        <pin num="53" name="QSPI_SD0" type="bidirectional"/>
        <pin num="54" name="QSPI_SD2" type="bidirectional"/>
        <pin num="55" name="QSPI_SD1" type="bidirectional"/>
        <pin num="56" name="QSPI_SS" type="bidirectional"/>
        <pin num="57" name="GND" type="power_in"/>
      </pins>
    </libpart>
    <libpart lib="Memory_Flash" part="W25Q128JVS">
      <description>128Mb Serial Flash Memory, Standard/Dual/Quad SPI, SOIC-8</description>
      <docs>http://www.winbond.com/resource-files/w25q128jv_dtr%20revc%2003272018%20plus.pdf</docs>
      <footprints>
        <fp>SOIC*5.23x5.23mm*P1.27mm*</fp>
      </footprints>
      <fields>
        <field name="Reference">U</field>
        <field name="Value">W25Q128JVS</field>
        <field name="Footprint">Package_SO:SOIC-8_5.23x5.23mm_P1.27mm</field>
        <field name="Datasheet">http://www.winbond.com/resource-files/w25q128jv_dtr%20revc%2003272018%20plus.pdf</field>
      </fields>
      <pins>
        <pin num="1" name="~{CS}" type="input"/>
        <pin num="2" name="DO(IO1)" type="bidirectional"/>
        <pin num="3" name="IO2" type="bidirectional"/>
        <pin num="4" name="GND" type="power_in"/>
        <pin num="5" name="DI(IO0)" type="bidirectional"/>
        <pin num="6" name="CLK" type="input"/>
        <pin num="7" name="IO3" type="bidirectional"/>
        <pin num="8" name="VCC" type="power_in"/>
      </pins>
    </libpart>
    <libpart lib="cdog_symbols" part="Tactile_Button_C2888437">
      <fields>
        <field name="Reference">U</field>
        <field name="LCSC">C221902</field>
      </fields>
      <pins>
        <pin num="1" name="" type="no_connect"/>
        <pin num="2" name="" type="input"/>
        <pin num="3" name="" type="input"/>
        <pin num="4" name="" type="input"/>
      </pins>
    </libpart>
  </libparts>
  <libraries>
    <library logical="Connector">
      <uri>/usr/share/kicad/symbols//Connector.kicad_sym</uri>
    </library>
    <library logical="Device">
      <uri>/usr/share/kicad/symbols//Device.kicad_sym</uri>
    </library>
    <library logical="MCU_RaspberryPi">
      <uri>/usr/share/kicad/symbols//MCU_RaspberryPi.kicad_sym</uri>
    </library>
    <library logical="Memory_Flash">
      <uri>/usr/share/kicad/symbols//Memory_Flash.kicad_sym</uri>
    </library>
    <library logical="cdog_symbols">
      <uri>/home/concretedog/.local/share/kicad/7.0/symbols/cdog_symbols.kicad_sym</uri>
    </library>
  </libraries>
  <nets>
    <net code="1" name="+1V1">
      <node ref="C6" pin="1" pintype="passive"/>
      <node ref="C7" pin="1" pintype="passive"/>
      <node ref="C8" pin="1" pintype="passive"/>
      <node ref="U3" pin="23" pinfunction="DVDD" pintype="power_in"/>
      <node ref="U3" pin="45" pinfunction="VREG_VOUT" pintype="power_out"/>
      <node ref="U3" pin="50" pinfunction="DVDD" pintype="passive"/>
    </net>
    <net code="2" name="+3.3V">
      <node ref="C10" pin="1" pintype="passive"/>
      <node ref="C11" pin="1" pintype="passive"/>
      <node ref="C12" pin="1" pintype="passive"/>
      <node ref="C13" pin="1" pintype="passive"/>
      <node ref="C14" pin="1" pintype="passive"/>
      <node ref="C15" pin="1" pintype="passive"/>
      <node ref="C16" pin="1" pintype="passive"/>
      <node ref="C2" pin="1" pintype="passive"/>
      <node ref="C3" pin="1" pintype="passive"/>
      <node ref="C9" pin="1" pintype="passive"/>
      <node ref="U1" pin="8" pinfunction="VCC" pintype="power_in"/>
      <node ref="U2" pin="2" pinfunction="output" pintype="power_out"/>
      <node ref="U2" pin="4" pinfunction="tab" pintype="power_in"/>
      <node ref="U3" pin="1" pinfunction="IOVDD" pintype="power_in"/>
      <node ref="U3" pin="10" pinfunction="IOVDD" pintype="passive"/>
      <node ref="U3" pin="22" pinfunction="IOVDD" pintype="passive"/>
      <node ref="U3" pin="33" pinfunction="IOVDD" pintype="passive"/>
      <node ref="U3" pin="42" pinfunction="IOVDD" pintype="passive"/>
      <node ref="U3" pin="43" pinfunction="ADC_AVDD" pintype="power_in"/>
      <node ref="U3" pin="44" pinfunction="VREG_IN" pintype="power_in"/>
      <node ref="U3" pin="48" pinfunction="USB_VDD" pintype="power_in"/>
      <node ref="U3" pin="49" pinfunction="IOVDD" pintype="passive"/>
    </net>
    <net code="3" name="/GPIO_0">
      <node ref="U3" pin="2" pinfunction="GPIO0" pintype="bidirectional"/>
      <node ref="U4" pin="2" pintype="input"/>
    </net>
    <net code="4" name="/GPIO_1">
      <node ref="U3" pin="3" pinfunction="GPIO1" pintype="bidirectional"/>
      <node ref="U5" pin="2" pintype="input"/>
    </net>
    <net code="5" name="/GPIO_2">
      <node ref="U3" pin="4" pinfunction="GPIO2" pintype="bidirectional"/>
      <node ref="U6" pin="2" pintype="input"/>
    </net>
    <net code="6" name="/GPIO_3">
      <node ref="U3" pin="5" pinfunction="GPIO3" pintype="bidirectional"/>
      <node ref="U7" pin="2" pintype="input"/>
    </net>
    <net code="7" name="/GPIO_4">
      <node ref="U3" pin="6" pinfunction="GPIO4" pintype="bidirectional"/>
    </net>
    <net code="8" name="/GPIO_5">
      <node ref="U3" pin="7" pinfunction="GPIO5" pintype="bidirectional"/>
    </net>
    <net code="9" name="/GPIO_6">
      <node ref="U3" pin="8" pinfunction="GPIO6" pintype="bidirectional"/>
    </net>
    <net code="10" name="/GPIO_7">
      <node ref="U3" pin="9" pinfunction="GPIO7" pintype="bidirectional"/>
    </net>
    <net code="11" name="/GPIO_8">
      <node ref="U3" pin="11" pinfunction="GPIO8" pintype="bidirectional"/>
    </net>
    <net code="12" name="/GPIO_9">
      <node ref="U3" pin="12" pinfunction="GPIO9" pintype="bidirectional"/>
    </net>
    <net code="13" name="/GPIO_10">
      <node ref="U3" pin="13" pinfunction="GPIO10" pintype="bidirectional"/>
    </net>
    <net code="14" name="/GPIO_11">
      <node ref="U3" pin="14" pinfunction="GPIO11" pintype="bidirectional"/>
    </net>
    <net code="15" name="/GPIO_12">
      <node ref="U3" pin="15" pinfunction="GPIO12" pintype="bidirectional"/>
    </net>
    <net code="16" name="/GPIO_13">
      <node ref="U3" pin="16" pinfunction="GPIO13" pintype="bidirectional"/>
    </net>
    <net code="17" name="/GPIO_14">
      <node ref="U3" pin="17" pinfunction="GPIO14" pintype="bidirectional"/>
    </net>
    <net code="18" name="/GPIO_15">
      <node ref="U3" pin="18" pinfunction="GPIO15" pintype="bidirectional"/>
    </net>
    <net code="19" name="/GPIO_16">
      <node ref="U3" pin="27" pinfunction="GPIO16" pintype="bidirectional"/>
    </net>
    <net code="20" name="/GPIO_17">
      <node ref="U3" pin="28" pinfunction="GPIO17" pintype="bidirectional"/>
    </net>
    <net code="21" name="/GPIO_18">
      <node ref="U3" pin="29" pinfunction="GPIO18" pintype="bidirectional"/>
      <node ref="U8" pin="2" pintype="input"/>
    </net>
    <net code="22" name="/GPIO_19">
      <node ref="U3" pin="30" pinfunction="GPIO19" pintype="bidirectional"/>
      <node ref="U9" pin="2" pintype="input"/>
    </net>
    <net code="23" name="/GPIO_20">
      <node ref="U3" pin="31" pinfunction="GPIO20" pintype="bidirectional"/>
    </net>
    <net code="24" name="/GPIO_21">
      <node ref="U3" pin="32" pinfunction="GPIO21" pintype="bidirectional"/>
    </net>
    <net code="25" name="/GPIO_22">
      <node ref="U3" pin="34" pinfunction="GPIO22" pintype="bidirectional"/>
    </net>
    <net code="26" name="/GPIO_23">
      <node ref="U3" pin="35" pinfunction="GPIO23" pintype="bidirectional"/>
    </net>
    <net code="27" name="/GPIO_24">
      <node ref="U3" pin="36" pinfunction="GPIO24" pintype="bidirectional"/>
    </net>
    <net code="28" name="/GPIO_25">
      <node ref="U3" pin="37" pinfunction="GPIO25" pintype="bidirectional"/>
    </net>
    <net code="29" name="/GPIO_26_ADC0">
      <node ref="U3" pin="38" pinfunction="GPIO26_ADC0" pintype="bidirectional"/>
    </net>
    <net code="30" name="/GPIO_26_ADC1">
      <node ref="U3" pin="39" pinfunction="GPIO27_ADC1" pintype="bidirectional"/>
    </net>
    <net code="31" name="/GPIO_26_ADC2">
      <node ref="U3" pin="40" pinfunction="GPIO28_ADC2" pintype="bidirectional"/>
    </net>
    <net code="32" name="/GPIO_26_ADC3">
      <node ref="U3" pin="41" pinfunction="GPIO29_ADC3" pintype="bidirectional"/>
    </net>
    <net code="33" name="/QSPI_SCLK">
      <node ref="U1" pin="6" pinfunction="CLK" pintype="input"/>
      <node ref="U3" pin="52" pinfunction="QSPI_SCLK" pintype="output"/>
    </net>
    <net code="34" name="/QSPI_SD0">
      <node ref="U1" pin="5" pinfunction="DI(IO0)" pintype="bidirectional"/>
      <node ref="U3" pin="53" pinfunction="QSPI_SD0" pintype="bidirectional"/>
    </net>
    <net code="35" name="/QSPI_SD1">
      <node ref="U1" pin="2" pinfunction="DO(IO1)" pintype="bidirectional"/>
      <node ref="U3" pin="55" pinfunction="QSPI_SD1" pintype="bidirectional"/>
    </net>
    <net code="36" name="/QSPI_SD2">
      <node ref="U1" pin="3" pinfunction="IO2" pintype="bidirectional"/>
      <node ref="U3" pin="54" pinfunction="QSPI_SD2" pintype="bidirectional"/>
    </net>
    <net code="37" name="/QSPI_SD3">
      <node ref="U1" pin="7" pinfunction="IO3" pintype="bidirectional"/>
      <node ref="U3" pin="51" pinfunction="QSPI_SD3" pintype="bidirectional"/>
    </net>
    <net code="38" name="/QSPI_SS">
      <node ref="R1" pin="2" pintype="passive"/>
      <node ref="U1" pin="1" pinfunction="~{CS}" pintype="input"/>
      <node ref="U3" pin="56" pinfunction="QSPI_SS" pintype="bidirectional"/>
    </net>
    <net code="39" name="/RUN">
      <node ref="U3" pin="26" pinfunction="RUN" pintype="input"/>
    </net>
    <net code="40" name="/SWCLK">
      <node ref="U3" pin="24" pinfunction="SWCLK" pintype="output"/>
    </net>
    <net code="41" name="/SWD">
      <node ref="U3" pin="25" pinfunction="SWD" pintype="bidirectional"/>
    </net>
    <net code="42" name="/USB_D+">
      <node ref="J2" pin="3" pinfunction="D+" pintype="bidirectional"/>
      <node ref="R2" pin="1" pintype="passive"/>
    </net>
    <net code="43" name="/USB_D-">
      <node ref="J2" pin="2" pinfunction="D-" pintype="bidirectional"/>
      <node ref="R3" pin="2" pintype="passive"/>
    </net>
    <net code="44" name="GND">
      <node ref="C1" pin="2" pintype="passive"/>
      <node ref="C10" pin="2" pintype="passive"/>
      <node ref="C11" pin="2" pintype="passive"/>
      <node ref="C12" pin="2" pintype="passive"/>
      <node ref="C13" pin="2" pintype="passive"/>
      <node ref="C14" pin="2" pintype="passive"/>
      <node ref="C15" pin="2" pintype="passive"/>
      <node ref="C16" pin="2" pintype="passive"/>
      <node ref="C2" pin="2" pintype="passive"/>
      <node ref="C3" pin="2" pintype="passive"/>
      <node ref="C4" pin="1" pintype="passive"/>
      <node ref="C5" pin="1" pintype="passive"/>
      <node ref="C6" pin="2" pintype="passive"/>
      <node ref="C7" pin="2" pintype="passive"/>
      <node ref="C8" pin="2" pintype="passive"/>
      <node ref="C9" pin="2" pintype="passive"/>
      <node ref="J1" pin="2" pinfunction="Pin_2" pintype="passive"/>
      <node ref="J2" pin="5" pinfunction="GND" pintype="power_out"/>
      <node ref="J2" pin="6" pinfunction="Shield" pintype="passive"/>
      <node ref="U1" pin="4" pinfunction="GND" pintype="power_in"/>
      <node ref="U2" pin="1" pinfunction="ADJ/GND" pintype="power_in"/>
      <node ref="U3" pin="19" pinfunction="TESTEN" pintype="input"/>
      <node ref="U3" pin="57" pinfunction="GND" pintype="power_in"/>
      <node ref="U4" pin="3" pintype="input"/>
      <node ref="U4" pin="4" pintype="input"/>
      <node ref="U5" pin="3" pintype="input"/>
      <node ref="U5" pin="4" pintype="input"/>
      <node ref="U6" pin="3" pintype="input"/>
      <node ref="U6" pin="4" pintype="input"/>
      <node ref="U7" pin="3" pintype="input"/>
      <node ref="U7" pin="4" pintype="input"/>
      <node ref="U8" pin="3" pintype="input"/>
      <node ref="U8" pin="4" pintype="input"/>
      <node ref="U9" pin="3" pintype="input"/>
      <node ref="U9" pin="4" pintype="input"/>
      <node ref="Y1" pin="2" pinfunction="2" pintype="passive"/>
      <node ref="Y1" pin="4" pinfunction="4" pintype="passive"/>
    </net>
    <net code="45" name="Net-(J1-Pin_1)">
      <node ref="J1" pin="1" pinfunction="Pin_1" pintype="passive"/>
      <node ref="R1" pin="1" pintype="passive"/>
    </net>
    <net code="46" name="Net-(U3-USB_DM)">
      <node ref="R3" pin="1" pintype="passive"/>
      <node ref="U3" pin="46" pinfunction="USB_DM" pintype="bidirectional"/>
    </net>
    <net code="47" name="Net-(U3-USB_DP)">
      <node ref="R2" pin="2" pintype="passive"/>
      <node ref="U3" pin="47" pinfunction="USB_DP" pintype="bidirectional"/>
    </net>
    <net code="48" name="Net-(U3-XIN)">
      <node ref="C4" pin="2" pintype="passive"/>
      <node ref="U3" pin="20" pinfunction="XIN" pintype="input"/>
      <node ref="Y1" pin="3" pinfunction="3" pintype="passive"/>
    </net>
    <net code="49" name="Net-(U3-XOUT)">
      <node ref="C5" pin="2" pintype="passive"/>
      <node ref="U3" pin="21" pinfunction="XOUT" pintype="passive"/>
      <node ref="Y1" pin="1" pinfunction="1" pintype="passive"/>
    </net>
    <net code="50" name="VBUS">
      <node ref="C1" pin="1" pintype="passive"/>
      <node ref="J2" pin="1" pinfunction="VBUS" pintype="power_out"/>
      <node ref="U2" pin="3" pinfunction="input" pintype="power_in"/>
    </net>
    <net code="51" name="unconnected-(J2-ID-Pad4)">
      <node ref="J2" pin="4" pinfunction="ID" pintype="passive+no_connect"/>
    </net>
    <net code="52" name="unconnected-(U4-Pad1)">
      <node ref="U4" pin="1" pintype="no_connect"/>
    </net>
    <net code="53" name="unconnected-(U5-Pad1)">
      <node ref="U5" pin="1" pintype="no_connect"/>
    </net>
    <net code="54" name="unconnected-(U6-Pad1)">
      <node ref="U6" pin="1" pintype="no_connect"/>
    </net>
    <net code="55" name="unconnected-(U7-Pad1)">
      <node ref="U7" pin="1" pintype="no_connect"/>
    </net>
    <net code="56" name="unconnected-(U8-Pad1)">
      <node ref="U8" pin="1" pintype="no_connect"/>
    </net>
    <net code="57" name="unconnected-(U9-Pad1)">
      <node ref="U9" pin="1" pintype="no_connect"/>
    </net>
  </nets>
</export>
