<?xml version="1.0" encoding="UTF-8"?>
<export version="E">
  <design>
    <source>/home/concretedog/HS_PICO_KICAD_BOOK/KICAD_BOOK_PROJECTS/hbridge/h_bridge/h_bridge.kicad_sch</source>
    <date>Thu 08 Jun 2023 13:28:36 BST</date>
    <tool>Eeschema 7.0.0-da2b9df05c~163~ubuntu20.04.1</tool>
    <sheet number="1" name="/" tstamps="/">
      <title_block>
        <title/>
        <company/>
        <rev/>
        <date/>
        <source>h_bridge.kicad_sch</source>
        <comment number="1" value=""/>
        <comment number="2" value=""/>
        <comment number="3" value=""/>
        <comment number="4" value=""/>
        <comment number="5" value=""/>
        <comment number="6" value=""/>
        <comment number="7" value=""/>
        <comment number="8" value=""/>
        <comment number="9" value=""/>
      </title_block>
    </sheet>
  </design>
  <components>
    <comp ref="J1">
      <value>Conn_01x04_Socket</value>
      <footprint>Connector_PinHeader_2.54mm:PinHeader_1x04_P2.54mm_Vertical</footprint>
      <libsource lib="Connector" part="Conn_01x04_Socket" description="Generic connector, single row, 01x04, script generated"/>
      <property name="Sheetname" value=""/>
      <property name="Sheetfile" value="h_bridge.kicad_sch"/>
      <property name="ki_description" value="Generic connector, single row, 01x04, script generated"/>
      <property name="ki_keywords" value="connector"/>
      <sheetpath names="/" tstamps="/"/>
      <tstamps>3b0cd4ed-35bb-4dbb-9df9-f2d73827a851</tstamps>
    </comp>
    <comp ref="M1">
      <value>Motor_DC</value>
      <footprint>Connector_PinHeader_2.54mm:PinHeader_1x02_P2.54mm_Vertical</footprint>
      <libsource lib="Motor" part="Motor_DC" description="DC Motor"/>
      <property name="Sheetname" value=""/>
      <property name="Sheetfile" value="h_bridge.kicad_sch"/>
      <property name="ki_description" value="DC Motor"/>
      <property name="ki_keywords" value="DC Motor"/>
      <sheetpath names="/" tstamps="/"/>
      <tstamps>2188b994-6e9f-4aec-b57d-23119c078f14</tstamps>
    </comp>
    <comp ref="Q1">
      <value>AO3400A</value>
      <footprint>Package_TO_SOT_SMD:SOT-23</footprint>
      <datasheet>http://www.aosmd.com/pdfs/datasheet/AO3400A.pdf</datasheet>
      <fields>
        <field name="LCSC">C20917</field>
      </fields>
      <libsource lib="Transistor_FET" part="AO3400A" description="30V Vds, 5.7A Id, N-Channel MOSFET, SOT-23"/>
      <property name="LCSC" value="C20917"/>
      <property name="Sheetname" value=""/>
      <property name="Sheetfile" value="h_bridge.kicad_sch"/>
      <property name="ki_description" value="30V Vds, 5.7A Id, N-Channel MOSFET, SOT-23"/>
      <property name="ki_keywords" value="N-Channel MOSFET"/>
      <sheetpath names="/" tstamps="/"/>
      <tstamps>03ec2e0a-66a2-4eb3-855f-930712059134</tstamps>
    </comp>
    <comp ref="Q2">
      <value>AO3400A</value>
      <footprint>Package_TO_SOT_SMD:SOT-23</footprint>
      <datasheet>http://www.aosmd.com/pdfs/datasheet/AO3400A.pdf</datasheet>
      <fields>
        <field name="LCSC">C20917</field>
      </fields>
      <libsource lib="Transistor_FET" part="AO3400A" description="30V Vds, 5.7A Id, N-Channel MOSFET, SOT-23"/>
      <property name="LCSC" value="C20917"/>
      <property name="Sheetname" value=""/>
      <property name="Sheetfile" value="h_bridge.kicad_sch"/>
      <property name="ki_description" value="30V Vds, 5.7A Id, N-Channel MOSFET, SOT-23"/>
      <property name="ki_keywords" value="N-Channel MOSFET"/>
      <sheetpath names="/" tstamps="/"/>
      <tstamps>81c3ab1c-50ee-44cd-ae63-2fbce710a2fe</tstamps>
    </comp>
    <comp ref="Q3">
      <value>AO3400A</value>
      <footprint>Package_TO_SOT_SMD:SOT-23</footprint>
      <datasheet>http://www.aosmd.com/pdfs/datasheet/AO3400A.pdf</datasheet>
      <fields>
        <field name="LCSC">C20917</field>
      </fields>
      <libsource lib="Transistor_FET" part="AO3400A" description="30V Vds, 5.7A Id, N-Channel MOSFET, SOT-23"/>
      <property name="LCSC" value="C20917"/>
      <property name="Sheetname" value=""/>
      <property name="Sheetfile" value="h_bridge.kicad_sch"/>
      <property name="ki_description" value="30V Vds, 5.7A Id, N-Channel MOSFET, SOT-23"/>
      <property name="ki_keywords" value="N-Channel MOSFET"/>
      <sheetpath names="/" tstamps="/"/>
      <tstamps>8b5c7dfa-cc1f-43fc-98cf-d009d38dd35a</tstamps>
    </comp>
    <comp ref="Q4">
      <value>AO3400A</value>
      <footprint>Package_TO_SOT_SMD:SOT-23</footprint>
      <datasheet>http://www.aosmd.com/pdfs/datasheet/AO3400A.pdf</datasheet>
      <fields>
        <field name="LCSC">C20917</field>
      </fields>
      <libsource lib="Transistor_FET" part="AO3400A" description="30V Vds, 5.7A Id, N-Channel MOSFET, SOT-23"/>
      <property name="LCSC" value="C20917"/>
      <property name="Sheetname" value=""/>
      <property name="Sheetfile" value="h_bridge.kicad_sch"/>
      <property name="ki_description" value="30V Vds, 5.7A Id, N-Channel MOSFET, SOT-23"/>
      <property name="ki_keywords" value="N-Channel MOSFET"/>
      <sheetpath names="/" tstamps="/"/>
      <tstamps>33962f1d-22e2-474a-90ea-128d2e1b5e78</tstamps>
    </comp>
    <comp ref="R1">
      <value>10k</value>
      <footprint>Resistor_SMD:R_0805_2012Metric</footprint>
      <fields>
        <field name="LCSC">C491222</field>
      </fields>
      <libsource lib="Device" part="R" description="Resistor"/>
      <property name="LCSC" value="C491222"/>
      <property name="Sheetname" value=""/>
      <property name="Sheetfile" value="h_bridge.kicad_sch"/>
      <property name="ki_description" value="Resistor"/>
      <property name="ki_keywords" value="R res resistor"/>
      <sheetpath names="/" tstamps="/"/>
      <tstamps>814edf37-bc73-4495-9b1d-5393513e0e49</tstamps>
    </comp>
    <comp ref="R2">
      <value>10k</value>
      <footprint>Resistor_SMD:R_0805_2012Metric</footprint>
      <fields>
        <field name="LCSC">C491222</field>
      </fields>
      <libsource lib="Device" part="R" description="Resistor"/>
      <property name="LCSC" value="C491222"/>
      <property name="Sheetname" value=""/>
      <property name="Sheetfile" value="h_bridge.kicad_sch"/>
      <property name="ki_description" value="Resistor"/>
      <property name="ki_keywords" value="R res resistor"/>
      <sheetpath names="/" tstamps="/"/>
      <tstamps>34ad1f83-31b7-4406-bfa5-73e5c9cb73f7</tstamps>
    </comp>
    <comp ref="R3">
      <value>10k</value>
      <footprint>Resistor_SMD:R_0805_2012Metric</footprint>
      <fields>
        <field name="LCSC">C491222</field>
      </fields>
      <libsource lib="Device" part="R" description="Resistor"/>
      <property name="LCSC" value="C491222"/>
      <property name="Sheetname" value=""/>
      <property name="Sheetfile" value="h_bridge.kicad_sch"/>
      <property name="ki_description" value="Resistor"/>
      <property name="ki_keywords" value="R res resistor"/>
      <sheetpath names="/" tstamps="/"/>
      <tstamps>28db4551-b553-4b09-bd8a-20296dd1ce2c</tstamps>
    </comp>
    <comp ref="R4">
      <value>10k</value>
      <footprint>Resistor_SMD:R_0805_2012Metric</footprint>
      <fields>
        <field name="LCSC">C491222</field>
      </fields>
      <libsource lib="Device" part="R" description="Resistor"/>
      <property name="LCSC" value="C491222"/>
      <property name="Sheetname" value=""/>
      <property name="Sheetfile" value="h_bridge.kicad_sch"/>
      <property name="ki_description" value="Resistor"/>
      <property name="ki_keywords" value="R res resistor"/>
      <sheetpath names="/" tstamps="/"/>
      <tstamps>f637eb8a-75e7-40d2-a4d1-6f4da2e49eb9</tstamps>
    </comp>
  </components>
  <libparts>
    <libpart lib="Connector" part="Conn_01x04_Socket">
      <description>Generic connector, single row, 01x04, script generated</description>
      <docs>~</docs>
      <footprints>
        <fp>Connector*:*_1x??_*</fp>
      </footprints>
      <fields>
        <field name="Reference">J</field>
        <field name="Value">Conn_01x04_Socket</field>
        <field name="Datasheet">~</field>
      </fields>
      <pins>
        <pin num="1" name="Pin_1" type="passive"/>
        <pin num="2" name="Pin_2" type="passive"/>
        <pin num="3" name="Pin_3" type="passive"/>
        <pin num="4" name="Pin_4" type="passive"/>
      </pins>
    </libpart>
    <libpart lib="Device" part="R">
      <description>Resistor</description>
      <docs>~</docs>
      <footprints>
        <fp>R_*</fp>
      </footprints>
      <fields>
        <field name="Reference">R</field>
        <field name="Value">R</field>
        <field name="Datasheet">~</field>
      </fields>
      <pins>
        <pin num="1" name="" type="passive"/>
        <pin num="2" name="" type="passive"/>
      </pins>
    </libpart>
    <libpart lib="Motor" part="Motor_DC">
      <description>DC Motor</description>
      <docs>~</docs>
      <footprints>
        <fp>PinHeader*P2.54mm*</fp>
        <fp>TerminalBlock*</fp>
      </footprints>
      <fields>
        <field name="Reference">M</field>
        <field name="Value">Motor_DC</field>
        <field name="Datasheet">~</field>
      </fields>
      <pins>
        <pin num="1" name="+" type="passive"/>
        <pin num="2" name="-" type="passive"/>
      </pins>
    </libpart>
    <libpart lib="Transistor_FET" part="AO3400A">
      <description>30V Vds, 5.7A Id, N-Channel MOSFET, SOT-23</description>
      <docs>http://www.aosmd.com/pdfs/datasheet/AO3400A.pdf</docs>
      <footprints>
        <fp>SOT?23*</fp>
      </footprints>
      <fields>
        <field name="Reference">Q</field>
        <field name="Value">AO3400A</field>
        <field name="Footprint">Package_TO_SOT_SMD:SOT-23</field>
        <field name="Datasheet">http://www.aosmd.com/pdfs/datasheet/AO3400A.pdf</field>
      </fields>
      <pins>
        <pin num="1" name="G" type="input"/>
        <pin num="2" name="S" type="passive"/>
        <pin num="3" name="D" type="passive"/>
      </pins>
    </libpart>
  </libparts>
  <libraries>
    <library logical="Connector">
      <uri>/usr/share/kicad/symbols//Connector.kicad_sym</uri>
    </library>
    <library logical="Device">
      <uri>/usr/share/kicad/symbols//Device.kicad_sym</uri>
    </library>
    <library logical="Motor">
      <uri>/usr/share/kicad/symbols//Motor.kicad_sym</uri>
    </library>
    <library logical="Transistor_FET">
      <uri>/usr/share/kicad/symbols//Transistor_FET.kicad_sym</uri>
    </library>
  </libraries>
  <nets>
    <net code="1" name="/A">
      <node ref="J1" pin="1" pinfunction="Pin_1" pintype="passive"/>
      <node ref="R1" pin="1" pintype="passive"/>
      <node ref="R3" pin="2" pintype="passive"/>
    </net>
    <net code="2" name="/B">
      <node ref="J1" pin="2" pinfunction="Pin_2" pintype="passive"/>
      <node ref="R2" pin="1" pintype="passive"/>
      <node ref="R4" pin="2" pintype="passive"/>
    </net>
    <net code="3" name="GND">
      <node ref="J1" pin="4" pinfunction="Pin_4" pintype="passive"/>
      <node ref="Q3" pin="2" pinfunction="S" pintype="passive"/>
      <node ref="Q4" pin="2" pinfunction="S" pintype="passive"/>
    </net>
    <net code="4" name="Net-(M1-+)">
      <node ref="M1" pin="1" pinfunction="+" pintype="passive"/>
      <node ref="Q1" pin="2" pinfunction="S" pintype="passive"/>
      <node ref="Q3" pin="3" pinfunction="D" pintype="passive"/>
    </net>
    <net code="5" name="Net-(M1--)">
      <node ref="M1" pin="2" pinfunction="-" pintype="passive"/>
      <node ref="Q2" pin="2" pinfunction="S" pintype="passive"/>
      <node ref="Q4" pin="3" pinfunction="D" pintype="passive"/>
    </net>
    <net code="6" name="Net-(Q1-G)">
      <node ref="Q1" pin="1" pinfunction="G" pintype="input"/>
      <node ref="R1" pin="2" pintype="passive"/>
    </net>
    <net code="7" name="Net-(Q2-G)">
      <node ref="Q2" pin="1" pinfunction="G" pintype="input"/>
      <node ref="R4" pin="1" pintype="passive"/>
    </net>
    <net code="8" name="Net-(Q3-G)">
      <node ref="Q3" pin="1" pinfunction="G" pintype="input"/>
      <node ref="R2" pin="2" pintype="passive"/>
    </net>
    <net code="9" name="Net-(Q4-G)">
      <node ref="Q4" pin="1" pinfunction="G" pintype="input"/>
      <node ref="R3" pin="1" pintype="passive"/>
    </net>
    <net code="10" name="VCC">
      <node ref="J1" pin="3" pinfunction="Pin_3" pintype="passive"/>
      <node ref="Q1" pin="3" pinfunction="D" pintype="passive"/>
      <node ref="Q2" pin="3" pinfunction="D" pintype="passive"/>
    </net>
  </nets>
</export>
